{
  "thing": 1405210881543261,
  "other": "㽎㛢",
  "final": [
    1405210881543261,
    -3075583998552173,
    832229164935549.5193604778201151
  ],
  "nested": {
    "thing2": 6454403766676606,
    "other2": "➸霕啫鏾珅㳻",
    "final2": [
      1405210881543261,
      3075583998552173,
      832229164935549.554737661276821
    ],
    "good": true
  }
}
