{
    "thing": 123,
    "single": "aa",
    "other": "ABCD",
    "nested": {
        "thing2": 12345,
        "other2": "ABCD",
        "boolean": true,
        "nullable": null
    },
    "1":  1 ,
    "2":  11 ,
    "3":  111 ,
    "4":  1111,
    "5":  11111,
    "6":  111111,
    "7":  1111111,
    "8":  11111111,
    "9":  111111111 ,
    "10": 1111111111 ,
    "11": 11111111111 ,
    "12": 111111111111 ,
    "13": 1111111111111 ,
    "14": 11111111111111 ,
    "15": 111111111111111 ,
    "16": 111111111111111.1 ,
    "17": 1111111111111.1111 ,
    "18": 1111111111111.11111 ,
    "19": 1111111111111.111111 ,
    "20": 1111111111111.1111111 ,
    "21": 1111111111111.11111111 ,
    "22": 1111111111111.111111111 ,
    "23": 1111111111111.1111111111 ,
    "24": 1111111111111.11111111111 ,
    "25": 1111111111111.111111111111 ,
    "26": 1111111111111.1111111111111 ,
    "27": 1111111111111.11111111111111 ,
    "28": 1111111111111.111111111111111 ,
    "29": 1111111111111.1111111111111111 ,
    "30": 1111111111111.11111111111111111 ,
    "31": 1111111111111.111111111111111111 ,
    "32": 1111111111111.1111111111111111111 ,
    "33": 1111111111111.11111111111111111111 ,
    "34": 1111111111111.111111111111111111111 ,
    "35": 1111111111111.1111111111111111111111 ,
    "36": 1111111111111.11111111111111111111111 ,
    "37": 1111111111111.111111111111111111111111 ,
    "38": 1111111111111.1111111111111111111111111 ,
    "39": 1111111111111.11111111111111111111111111 ,
    "40": 1111111111111.111111111111111111111111111 
}
