{
    "thing": 123,
    "single": "aa",
    "other": "ABCD",
    "nested": {
        "thing2": 12345,
        "other2": "ABCD",
        "boolean": true,
        "nullable": null
    },
    "1":  1 ,
    "2":  1.1 ,
    "3":  1.11 ,
    "4":  1.111,
    "5":  1.1111,
    "6":  1.11111,
    "7":  1.111111,
    "8":  1.1111111,
    "9":  1.11111111 ,
    "10": 1.111111111 ,
    "11": 1.1111111111 ,
    "12": 1.11111111111 ,
    "13": 1.111111111111 ,
    "14": 1.1111111111111 ,
    "15": 1.11111111111111 ,
    "16": 1.111111111111111 ,
    "17": 1.1111111111111111 ,
    "18": 1.11111111111111111 ,
    "19": 1.111111111111111111 ,
    "20": 1.1111111111111111111 ,
    "21": 1.11111111111111111111 ,
    "22": 1.111111111111111111111 ,
    "23": 1.1111111111111111111111 ,
    "24": 1.11111111111111111111111 ,
    "25": 1.111111111111111111111111 ,
    "26": 1.1111111111111111111111111 ,
    "27": 1.11111111111111111111111111 ,
    "28": 1.111111111111111111111111111 ,
    "29": 1.1111111111111111111111111111 ,
    "30": 1.11111111111111111111111111111 ,
    "31": 1.111111111111111111111111111111 ,
    "32": 1.1111111111111111111111111111111 ,
    "33": 1.11111111111111111111111111111111 ,
    "34": 1.111111111111111111111111111111111 ,
    "35": 1.1111111111111111111111111111111111 ,
    "36": 1.11111111111111111111111111111111111 ,
    "37": 1.111111111111111111111111111111111111 ,
    "38": 1.1111111111111111111111111111111111111 ,
    "39": 1.11111111111111111111111111111111111111 ,
    "40": 1.111111111111111111111111111111111111111 
}
